<?xml version="1.0" encoding="UTF-8"?>
<configuration>

    <!-- Console Appender -->
    <appender name="Console" class="ch.qos.logback.core.ConsoleAppender">
        <encoder>
            <pattern>%d{yyyy-MM-dd HH:mm:ss} %-5level %logger{1} - %msg%n</pattern>
        </encoder>
    </appender>

    <!-- File Appender -->
    <appender name="File" class="ch.qos.logback.core.FileAppender">
        <file>logs/app.log</file>
        <append>true</append>
        <encoder>
            <pattern>%d{yyyy-MM-dd HH:mm:ss} %-5level %logger{1} - %msg%n</pattern>
        </encoder>
    </appender>

    <!-- Application Logger -->
    <logger name="com" level="DEBUG" additivity="false">
        <appender-ref ref="Console"/>
        <appender-ref ref="File"/>
    </logger>

    <!-- Root Logger -->
    <root level="INFO">
        <appender-ref ref="Console"/>
        <appender-ref ref="File"/>
    </root>

</configuration>